{
    "prepare_queue": {
        "installed": [],
        "uninstalled": []
    },
    "config_munge": {
        "files": {}
    },
    "installed_plugins": {
        "cordova-plugin-crosswalk-webview": {
            "PACKAGE_NAME": "com.example.hello"
        },
        "cordova-plugin-whitelist": {
            "PACKAGE_NAME": "com.example.hello"
        }
    },
    "dependent_plugins": {},
    "modules": [],
    "plugin_metadata": {
        "cordova-plugin-crosswalk-webview": "2.4.0",
        "cordova-plugin-whitelist": "1.3.3"
    }
}